{
  "кухня / столовая": {
    "precision": 0.9166666666666666,
    "recall": 0.6470588235294118,
    "f1-score": 0.7586206896551724,
    "support": 34.0
  },
  "кухня-гостиная": {
    "precision": 0.5,
    "recall": 0.6666666666666666,
    "f1-score": 0.5714285714285714,
    "support": 15.0
  },
  "универсальная комната": {
    "precision": 0.3055555555555556,
    "recall": 0.4782608695652174,
    "f1-score": 0.3728813559322034,
    "support": 23.0
  },
  "гостиная": {
    "precision": 0.6060606060606061,
    "recall": 0.6666666666666666,
    "f1-score": 0.6349206349206349,
    "support": 30.0
  },
  "спальня": {
    "precision": 0.7407407407407407,
    "recall": 0.8333333333333334,
    "f1-score": 0.7843137254901961,
    "support": 24.0
  },
  "кабинет": {
    "precision": 0.7368421052631579,
    "recall": 0.6666666666666666,
    "f1-score": 0.7,
    "support": 21.0
  },
  "детская": {
    "precision": 0.6666666666666666,
    "recall": 0.5161290322580645,
    "f1-score": 0.5818181818181818,
    "support": 31.0
  },
  "ванная комната": {
    "precision": 0.9473684210526315,
    "recall": 0.782608695652174,
    "f1-score": 0.8571428571428571,
    "support": 23.0
  },
  "туалет": {
    "precision": 0.8214285714285714,
    "recall": 0.8214285714285714,
    "f1-score": 0.8214285714285714,
    "support": 28.0
  },
  "совмещенный санузел": {
    "precision": 0.7058823529411765,
    "recall": 0.8,
    "f1-score": 0.75,
    "support": 30.0
  },
  "коридор / прихожая": {
    "precision": 0.8518518518518519,
    "recall": 0.8214285714285714,
    "f1-score": 0.8363636363636363,
    "support": 28.0
  },
  "гардеробная / кладовая / постирочная": {
    "precision": 0.6666666666666666,
    "recall": 0.6956521739130435,
    "f1-score": 0.6808510638297872,
    "support": 23.0
  },
  "балкон / лоджия": {
    "precision": 0.9090909090909091,
    "recall": 0.9090909090909091,
    "f1-score": 0.9090909090909091,
    "support": 22.0
  },
  "вид из окна / с балкона": {
    "precision": 0.9090909090909091,
    "recall": 0.9523809523809523,
    "f1-score": 0.9302325581395349,
    "support": 21.0
  },
  "дом снаружи / двор": {
    "precision": 0.7407407407407407,
    "recall": 0.9523809523809523,
    "f1-score": 0.8333333333333334,
    "support": 21.0
  },
  "подъезд / лестничная площадка": {
    "precision": 0.90625,
    "recall": 0.9354838709677419,
    "f1-score": 0.9206349206349206,
    "support": 31.0
  },
  "другое": {
    "precision": 0.75,
    "recall": 0.5357142857142857,
    "f1-score": 0.625,
    "support": 28.0
  },
  "предметы интерьера / быт.техника": {
    "precision": 0.42857142857142855,
    "recall": 0.2608695652173913,
    "f1-score": 0.32432432432432434,
    "support": 23.0
  },
  "комната без мебели": {
    "precision": 0.76,
    "recall": 0.9047619047619048,
    "f1-score": 0.8260869565217391,
    "support": 21.0
  },
  "accuracy": 0.7253668763102725,
  "macro avg": {
    "precision": 0.7299723259151726,
    "recall": 0.7287675006117119,
    "f1-score": 0.7220248573712933,
    "support": 477.0
  },
  "weighted avg": {
    "precision": 0.7389997447431276,
    "recall": 0.7253668763102725,
    "f1-score": 0.724784505470595,
    "support": 477.0
  }
}