{
    "epoch": 21,
    "train_loss": 1.0758971395315948,
    "val_loss": 1.4116223653157551,
    "accuracy": 77.35849056603773,
    "macro_f1": 0.758921913244147
}
