{
    "epoch": 16,
    "train_loss": 1.1897672123379177,
    "val_loss": 1.4702768882115682,
    "accuracy": 75.47169811320755,
    "macro_f1": 0.7391839809368658
}